Packet number,Gyroscope X (deg/s),Gyroscope Y (deg/s),Gyroscope Z (deg/s),Accelerometer X (g),Accelerometer Y (g),Accelerometer Z (g),Magnetometer X (G),Magnetometer Y (G),Magnetometer Z (G)
0,0.0000,-0.0076,0.0000,-0.00012206,0.00756790,0.99986362,15.99951,15.99951,15.11230
2,0.0000,-0.0076,0.0000,-0.00012206,0.00744583,0.99986400,15.99951,15.99951,15.11230
4,0.0000,-0.0076,0.0000,-0.00012206,0.00744583,0.99986400,15.99951,15.99951,15.11230
6,0.0000,-0.0076,0.0000,-0.00012206,0.00732377,0.99986448,15.99951,15.99951,15.11230
8,-0.0076,-0.0076,0.0000,-0.00012206,0.00732377,0.99986448,15.99951,15.99951,15.11230
10,0.0000,-0.0076,0.0000,-0.00012206,0.00720171,0.99986495,15.99951,15.99951,15.11230
12,0.0000,-0.0076,0.0000,-0.00012206,0.00707965,0.99986543,15.99951,15.99951,15.11230
14,0.0000,-0.0076,0.0000,-0.00012206,0.00707965,0.99986543,15.99951,15.99951,15.11230
16,0.0000,-0.0076,0.0000,-0.00012206,0.00695758,0.99986581,15.99951,15.99951,15.11230
18,0.0000,-0.0076,-0.0076,0.00000000,0.00683552,0.99986629,15.99951,15.99951,15.11230
20,0.0000,-0.0076,0.0000,0.00000000,0.00683552,0.99986629,15.99951,15.99951,15.11230
22,0.0000,-0.0076,0.0000,0.00000000,0.00671346,0.99986667,15.99951,15.99951,15.11230
24,-0.0076,0.0000,0.0000,0.00000000,0.00671346,0.99986667,15.99951,15.99951,15.11230
26,0.0000,-0.0076,0.0000,0.00000000,0.00659140,0.99986705,15.99951,15.99951,15.11230
28,0.0000,-0.0076,0.0000,0.00000000,0.00646933,0.99986743,15.99951,15.99951,15.11230
30,0.0000,-0.0076,0.0000,0.00000000,0.00646933,0.99986743,15.99951,15.99951,15.11230
32,0.0000,-0.0076,0.0000,0.00000000,0.00634727,0.99986782,15.99951,15.99951,15.11230
34,0.0000,-0.0076,0.0000,0.00000000,0.00622521,0.99986820,15.99951,15.99951,15.11230
36,0.0000,0.0000,-0.0076,0.00000000,0.00622521,0.99986820,15.99951,15.99951,15.11230
38,0.0000,-0.0076,0.0000,0.00000000,0.00610314,0.99986858,15.99951,15.99951,15.11230
40,0.0000,-0.0076,0.0000,0.00000000,0.00610314,0.99986858,15.99951,15.99951,15.11230
42,0.0000,-0.0076,0.0000,0.00000000,0.00598108,0.99986896,15.99951,15.99951,15.11230
44,0.0000,-0.0076,-0.0076,0.00000000,0.00598108,0.99986896,15.99951,15.99951,15.11230
46,-0.0076,0.0000,-0.0076,0.00000000,0.00585902,0.99986934,15.99951,15.99951,15.11230
48,-0.0076,-0.0076,0.0000,0.00000000,0.00573695,0.99986972,15.99951,15.99951,15.11230
50,0.0000,-0.0076,0.0000,0.00000000,0.00573695,0.99986972,15.99951,15.99951,15.11230
52,0.0000,0.0000,0.0000,0.00000000,0.00573695,0.99986972,15.99951,15.99951,15.11230
54,0.0000,-0.0076,-0.0076,0.00000000,0.00561489,0.99987010,15.99951,15.99951,15.11230
56,0.0000,-0.0076,-0.0076,0.00000000,0.00561489,0.99987010,15.99951,15.99951,15.11230
58,0.0000,-0.0076,0.0000,0.00000000,0.00561489,0.99987010,15.99951,15.99951,15.11230
60,0.0000,-0.0076,0.0000,0.00000000,0.00549283,0.99987039,15.99951,15.99951,15.11230
62,0.0000,-0.0076,0.0000,0.00000000,0.00549283,0.99987039,15.99951,15.99951,15.11230
64,0.0000,-0.0076,0.0000,0.00000000,0.00549283,0.99987039,15.99951,15.99951,15.11230
66,0.0000,-0.0076,0.0000,0.00012206,0.00537077,0.99987068,15.99951,15.99951,15.11230
68,0.0000,-0.0076,0.0000,0.00012206,0.00537077,0.99987068,15.99951,15.99951,15.11230
70,0.0000,-0.0076,0.0000,0.00012206,0.00524870,0.99987106,15.99951,15.99951,15.11230
72,0.0000,-0.0076,-0.0076,0.00012206,0.00524870,0.99987106,15.99951,15.99951,15.11230
74,0.0000,-0.0076,-0.0076,0.00012206,0.00512664,0.99987134,15.99951,15.99951,15.11230
76,0.0000,0.0000,-0.0076,0.00012175,0.00512665,0.99987134,15.99951,15.99951,15.11230
78,0.0000,-0.0076,-0.0153,-0.00000160,0.00524870,0.99987115,15.99951,15.99951,15.11230
80,-0.0076,0.0000,-0.0153,-0.00012508,0.00549276,0.99987068,15.99951,15.99951,15.11230
82,0.0000,0.0000,-0.0076,-0.00012626,0.00573687,0.99987020,15.99951,15.99951,15.11230
84,-0.0076,0.0000,0.0000,-0.00000328,0.00537077,0.99987106,15.99951,15.99951,15.11230
86,0.0000,-0.0076,0.0076,0.00011938,0.00549289,0.99987058,15.99951,15.99951,15.11230
88,-0.0076,0.0000,0.0076,0.00012206,0.00549283,0.99987039,15.99951,15.99951,15.11230
90,-0.0076,0.0000,0.0076,0.00000192,0.00524870,0.99987115,15.99951,15.99951,15.11230
92,-0.0076,0.0000,0.0000,0.00000275,0.00500458,0.99987201,15.99951,15.99951,15.11230
94,-0.0076,-0.0076,0.0000,0.00000298,0.00488251,0.99987230,15.99951,15.99951,15.11230
96,-0.0076,0.0000,0.0000,0.00000349,0.00476045,0.99987277,15.99951,15.99951,15.11230
98,0.0000,-0.0076,0.0000,0.00000331,0.00451633,0.99987335,15.99951,15.99951,15.11230
100,-0.0076,-0.0076,0.0000,0.00000358,0.00451633,0.99987344,15.99951,15.99951,15.11230
102,-0.0076,-0.0076,-0.0076,0.00012555,0.00439417,0.99987373,15.99951,15.99951,15.11230
104,-0.0076,0.0000,0.0000,0.00012545,0.00427210,0.99987401,15.99951,15.99951,15.11230
106,-0.0076,-0.0076,-0.0076,0.00012519,0.00427211,0.99987392,15.99951,15.99951,15.11230
108,-0.0076,-0.0076,-0.0076,0.00012485,0.00415006,0.99987411,15.99951,15.99951,15.11230
110,0.0000,-0.0076,-0.0076,0.00012485,0.00415006,0.99987411,15.99951,15.99951,15.11230
112,0.0000,0.0000,-0.0305,0.00036720,0.00415005,0.99987363,15.99951,15.99951,15.11230
114,-0.0153,0.0305,-0.0763,-0.00012778,0.00390583,0.99987621,15.99951,15.99951,15.11230
116,-0.2824,0.1985,-0.0992,-0.01083677,-0.00590875,0.99986085,15.99951,15.99951,15.11230
118,-0.4962,0.0458,0.0229,-0.01825064,-0.03511900,0.99914569,15.99951,15.99951,15.11230
120,-0.5420,0.0458,0.0382,-0.01989144,-0.05474931,0.99819383,15.99951,15.99951,15.11230
122,-0.4275,0.2061,0.0000,-0.02953839,-0.09228020,0.99522027,15.99951,15.99951,15.11230
124,-0.1756,0.1908,0.0534,-0.04339719,-0.11611236,0.99224977,15.99951,15.99951,15.11230
126,-0.0076,0.0687,0.1069,-0.05076997,-0.12495987,0.99079742,15.99951,15.99951,15.11230
128,0.0687,0.0687,0.0534,-0.05191249,-0.12605009,0.99058170,15.99951,15.99951,15.11230
130,0.0534,0.0076,0.0305,-0.05039285,-0.12554965,0.99077711,15.99951,15.99951,15.11230
132,-0.0382,-0.1145,-0.0153,-0.03911184,-0.12703751,0.99106044,15.99951,15.99951,15.11230
134,-0.1221,-0.1145,-0.1298,-0.02379837,-0.13189487,0.99097757,15.99951,15.99951,15.11230
136,-0.1069,-0.1527,-0.1679,-0.01457964,-0.13387502,0.99081611,15.99951,15.99951,15.11230
138,-0.0611,-0.2901,-0.2214,0.02024058,-0.13022863,0.99125595,15.99951,15.99951,15.11230
140,-0.0458,-0.3511,-0.2290,0.03426757,-0.12703554,0.99123401,15.99951,15.99951,15.11230
142,-0.0076,-0.4046,-0.2824,0.06558465,-0.11694607,0.99085788,15.99951,15.99951,15.11230
144,0.0153,-0.4275,-0.3664,0.09631318,-0.10334525,0.98994178,15.99951,15.99951,15.11230
146,0.0153,-0.4351,-0.3893,0.11097898,-0.09491001,0.98928050,15.99951,15.99951,15.11230
148,0.0305,-0.2824,-0.4656,0.13389170,-0.07689610,0.98789987,15.99951,15.99951,15.11230
150,0.0992,-0.2443,-0.5573,0.14727680,-0.05601165,0.98744554,15.99951,15.99951,15.11230
152,0.1298,0.0153,-0.6641,0.15030202,-0.03351845,0.98798160,15.99951,15.99951,15.11230
154,-0.0611,0.1908,-0.6794,0.13194406,-0.01973312,0.99100036,15.99951,15.99951,15.11230
156,-0.1527,0.1679,-0.6718,0.12138881,-0.01924285,0.99236288,15.99951,15.99951,15.11230
158,-0.1069,0.3664,-0.6947,0.09338297,-0.02398594,0.99528484,15.99951,15.99951,15.11230
160,0.1527,0.3969,-0.6183,0.05732326,-0.02056393,0.99807033,15.99951,15.99951,15.11230
162,0.3969,0.2672,-0.5344,0.02570586,-0.00346352,0.99961004,15.99951,15.99951,15.11230
164,0.5115,0.0611,-0.4580,0.00697567,0.02242704,0.99971055,15.99951,15.99951,15.11230
166,0.4962,0.1145,-0.4504,-0.00172739,0.03603651,0.99932899,15.99951,15.99951,15.11230
168,0.2824,0.1908,-0.3130,-0.02616821,0.05595952,0.99805717,15.99951,15.99951,15.11230
170,0.0382,0.2824,-0.1298,-0.05336186,0.05670090,0.99693641,15.99951,15.99951,15.11230
172,-0.0229,0.3969,-0.0305,-0.08401023,0.04697929,0.99528970,15.99951,15.99951,15.11230
174,0.0153,0.3282,-0.0305,-0.11064075,0.03490905,0.99322681,15.99951,15.99951,15.11230
176,0.1679,0.2443,-0.0076,-0.11992069,0.03234761,0.99215469,15.99951,15.99951,15.11230
178,0.3282,-0.0305,0.1908,-0.12654783,0.03743209,0.99120635,15.99951,15.99951,15.11230
180,0.0534,-0.1450,0.4351,-0.11605840,0.03702476,0.99250307,15.99951,15.99951,15.11230
182,-0.0687,-0.0229,0.4351,-0.11182230,0.02820315,0.99323253,15.99951,15.99951,15.11230
184,-0.2595,0.2672,0.3359,-0.11523303,-0.01437233,0.99315443,15.99951,15.99951,15.11230
186,-0.2519,0.1908,0.3969,-0.11838266,-0.03121910,0.99239645,15.99951,15.99951,15.11230
188,-0.2748,-0.0229,0.5878,-0.11594258,-0.06277875,0.99122581,15.99951,15.99951,15.11230
190,-0.1374,0.0382,0.7786,-0.10956485,-0.08739612,0.99009437,15.99951,15.99951,15.11230
192,-0.0687,0.1298,0.8015,-0.10890506,-0.09536170,0.98942060,15.99951,15.99951,15.11230
194,-0.1450,0.1145,0.8092,-0.10741211,-0.10903592,0.98811225,15.99951,15.99951,15.11230
196,-0.1756,0.0840,0.7710,-0.10196158,-0.12537982,0.98684749,15.99951,15.99951,15.11230
198,-0.0840,-0.0305,0.7863,-0.09223962,-0.13249232,0.98680658,15.99951,15.99951,15.11230
200,-0.0763,-0.0763,0.7939,-0.07848167,-0.13509545,0.98768157,15.99951,15.99951,15.11230
202,-0.0229,-0.1145,0.8015,-0.07036799,-0.13295664,0.98858318,15.99951,15.99951,15.11230
204,-0.0153,-0.1527,0.7557,-0.05103625,-0.12538897,0.99079809,15.99951,15.99951,15.11230
206,-0.0992,-0.1756,0.6794,-0.02763781,-0.11890559,0.99243230,15.99951,15.99951,15.11230
208,-0.3130,-0.1908,0.4656,0.00088123,-0.12310515,0.99235877,15.99951,15.99951,15.11230
210,-0.3206,-0.2748,0.1985,0.03336677,-0.13248616,0.99058551,15.99951,15.99951,15.11230
212,-0.3359,-0.2977,0.1298,0.04940066,-0.13664000,0.98937263,15.99951,15.99951,15.11230
214,-0.3588,-0.2748,0.0687,0.07756800,-0.14411658,0.98640842,15.99951,15.99951,15.11230
216,-0.2061,-0.3740,-0.0076,0.10596204,-0.14362075,0.98385353,15.99951,15.99951,15.11230
218,-0.0611,-0.4504,-0.1908,0.14058599,-0.13052840,0.98133506,15.99951,15.99951,15.11230
220,-0.0305,-0.4962,-0.3817,0.17649533,-0.11192790,0.97792320,15.99951,15.99951,15.11230
222,-0.0458,-0.4275,-0.4275,0.19255016,-0.10197852,0.97588691,15.99951,15.99951,15.11230
224,-0.0229,-0.2519,-0.4885,0.21336209,-0.08101203,0.97357788,15.99951,15.99951,15.11230
226,-0.0992,-0.2519,-0.6107,0.22722964,-0.05948962,0.97194604,15.99951,15.99951,15.11230
228,0.0916,-0.3206,-0.7710,0.24520816,-0.03160056,0.96893472,15.99951,15.99951,15.11230
230,0.0534,-0.3588,-0.9542,0.26461246,-0.00023410,0.96435327,15.99951,15.99951,15.11230
232,0.0305,-0.3511,-1.0076,0.27244639,0.01336534,0.96198425,15.99951,15.99951,15.11230
234,0.0534,-0.4122,-0.9695,0.28488225,0.03824447,0.95779657,15.99951,15.99951,15.11230
236,-0.0076,-0.3053,-0.9466,0.29230899,0.05788917,0.95447645,15.99951,15.99951,15.11230
238,-0.1832,0.0153,-1.0458,0.28340225,0.06407585,0.95685920,15.99951,15.99951,15.11230
240,-0.1908,0.1069,-1.0992,0.27196245,0.06459570,0.96008949,15.99951,15.99951,15.11230
242,-0.1221,0.5954,-1.0534,0.22961499,0.06512283,0.97101240,15.99951,15.99951,15.11230
244,-0.1603,0.2672,-0.8092,0.17844309,0.05883483,0.98215065,15.99951,15.99951,15.11230
246,0.1603,0.2977,-0.5496,0.14084344,0.05597531,0.98842010,15.99951,15.99951,15.11230
248,0.4122,0.1756,-0.3969,0.11229097,0.07009952,0.99112739,15.99951,15.99951,15.11230
250,0.4962,0.1527,-0.3588,0.10071837,0.08171284,0.99147672,15.99951,15.99951,15.11230
252,0.5725,-0.0763,-0.1908,0.08718135,0.10936940,0.99007320,15.99951,15.99951,15.11230
254,0.2137,-0.1069,-0.0458,0.08585384,0.12599086,0.98833484,15.99951,15.99951,15.11230
256,-0.0916,0.2443,0.1069,0.06951698,0.11411913,0.99101428,15.99951,15.99951,15.11230
258,0.0229,0.6794,0.2443,0.03274019,0.09467592,0.99495449,15.99951,15.99951,15.11230
260,0.1298,0.5038,0.4351,0.01301767,0.08936610,0.99583396,15.99951,15.99951,15.11230
262,0.0382,0.0076,0.7710,0.00187337,0.07621618,0.99710245,15.99951,15.99951,15.11230
264,0.1527,-0.3206,0.8092,0.02521545,0.06182865,0.99768753,15.99951,15.99951,15.11230
266,-0.1069,0.2748,0.7252,0.03659928,0.04227575,0.99839591,15.99951,15.99951,15.11230
268,-0.1908,0.6183,0.7481,0.02513818,0.02556549,0.99927225,15.99951,15.99951,15.11230
270,-0.2137,0.2595,1.1527,0.00223198,-0.00966011,0.99993972,15.99951,15.99951,15.11230
272,-0.3969,0.1145,1.1298,0.00538871,-0.05698637,0.99836320,15.99951,15.99951,15.11230
274,-0.1756,0.0687,0.9695,0.01598521,-0.09471095,0.99534292,15.99951,15.99951,15.11230
276,-0.0763,0.1069,0.9084,0.02651140,-0.11753709,0.99270057,15.99951,15.99951,15.11230
278,-0.0305,0.2214,0.8855,0.02725313,-0.12556587,0.99162216,15.99951,15.99951,15.11230
280,-0.0916,0.3664,0.8397,0.02007726,-0.13915166,0.98998317,15.99951,15.99951,15.11230
282,-0.3664,0.1908,0.6870,0.01822910,-0.16222174,0.98655118,15.99951,15.99951,15.11230
284,-0.1374,0.1832,0.5954,0.02250320,-0.18118789,0.98308649,15.99951,15.99951,15.11230
286,-0.0229,0.1832,0.5802,0.02491916,-0.18248462,0.98287096,15.99951,15.99951,15.11230
288,0.0000,0.0763,0.4122,0.03306054,-0.17790026,0.98340368,15.99951,15.99951,15.11230
290,0.1374,0.0076,0.3588,0.04556550,-0.16327415,0.98551807,15.99951,15.99951,15.11230
292,0.0916,0.0305,0.4809,0.05443275,-0.14561094,0.98772687,15.99951,15.99951,15.11230
294,-0.0687,0.1908,0.2443,0.06254392,-0.13861236,0.98825206,15.99951,15.99951,15.11230
296,0.0000,0.1145,0.0992,0.06743718,-0.13476862,0.98850803,15.99951,15.99951,15.11230
298,0.1450,-0.0534,-0.0916,0.08455741,-0.11730970,0.98940792,15.99951,15.99951,15.11230
300,0.2748,-0.1374,-0.0534,0.10122028,-0.08807644,0.99095792,15.99951,15.99951,15.11230
302,0.3740,-0.1374,-0.0534,0.11895192,-0.05178010,0.99144725,15.99951,15.99951,15.11230
304,0.3969,-0.1298,-0.1450,0.12767064,-0.03076853,0.99131994,15.99951,15.99951,15.11230
306,0.3588,-0.2595,-0.2977,0.14563076,0.01543432,0.98909997,15.99951,15.99951,15.11230
308,0.1221,-0.4275,-0.5038,0.17116615,0.05729419,0.98350715,15.99951,15.99951,15.11230
310,-0.2824,-0.4351,-0.6870,0.19009902,0.07870816,0.97857246,15.99951,15.99951,15.11230
312,-0.4198,-0.3435,-0.7481,0.19659981,0.08285627,0.97690315,15.99951,15.99951,15.11230
314,-0.3053,-0.3282,-0.7176,0.19853502,0.08464307,0.97641763,15.99951,15.99951,15.11230
316,0.0153,-0.2137,-0.7863,0.19822759,0.10027925,0.97491760,15.99951,15.99951,15.11230
318,0.3282,-0.4656,-0.8779,0.20620758,0.13500101,0.96904201,15.99951,15.99951,15.11230
320,0.1908,-0.4656,-1.0534,0.22113094,0.17262429,0.95978393,15.99951,15.99951,15.11230
322,-0.3969,-0.2672,-1.2290,0.22312078,0.17716791,0.95845146,15.99951,15.99951,15.11230
324,-0.5725,-0.0916,-1.2443,0.21442079,0.16656780,0.96243276,15.99951,15.99951,15.11230
326,-0.6031,0.1450,-1.1832,0.18342073,0.13535604,0.97361459,15.99951,15.99951,15.11230
328,0.0687,0.2901,-1.0992,0.14541900,0.12336529,0.98160076,15.99951,15.99951,15.11230
330,0.4809,0.2214,-1.0000,0.10946619,0.14568877,0.98324899,15.99951,15.99951,15.11230
332,0.4504,0.1985,-0.9695,0.09262904,0.15862534,0.98296756,15.99951,15.99951,15.11230
334,0.3206,0.2519,-0.8550,0.05752651,0.17662559,0.98251762,15.99951,15.99951,15.11230
336,0.2214,0.2290,-0.5802,0.01714571,0.18629788,0.98224487,15.99951,15.99951,15.11230
338,0.2443,0.2519,-0.3130,-0.01972515,0.18866151,0.98172645,15.99951,15.99951,15.11230
340,0.4580,0.3206,-0.1145,-0.05355942,0.20099468,0.97811927,15.99951,15.99951,15.11230
342,0.4962,0.3435,-0.0229,-0.07039165,0.21018998,0.97511091,15.99951,15.99951,15.11230
344,0.2748,0.1221,0.4122,-0.09657435,0.22257394,0.97007551,15.99951,15.99951,15.11230
346,-0.2595,0.1603,0.6641,-0.10129538,0.20849714,0.97270441,15.99951,15.99951,15.11230
348,-0.6107,-0.0382,0.6412,-0.09334140,0.16616404,0.98163261,15.99951,15.99951,15.11230
350,-0.4656,-0.0305,0.6031,-0.08395453,0.14345576,0.98602685,15.99951,15.99951,15.11230
352,0.2824,0.4809,0.5496,-0.08806429,0.12608418,0.98803319,15.99951,15.99951,15.11230
354,0.1756,-0.3435,1.1527,-0.07598454,0.13007555,0.98857965,15.99951,15.99951,15.11230
356,-0.6718,0.0687,1.1450,-0.05184835,0.08532827,0.99493427,15.99951,15.99951,15.11230
358,-0.3664,0.1145,1.2290,-0.04088315,0.03210843,0.99857378,15.99951,15.99951,15.11230
360,-0.1603,0.0992,1.1908,-0.03302333,0.01654124,0.99924116,15.99951,15.99951,15.11230
362,-0.0229,-0.0229,0.9847,-0.01321722,-0.00152877,0.99982357,15.99951,15.99951,15.11230
364,-0.2366,0.0305,0.8015,0.00519984,-0.02566992,0.99962310,15.99951,15.99951,15.11230
366,-0.2443,0.0458,0.8779,0.01174396,-0.05474092,0.99833240,15.99951,15.99951,15.11230
368,-0.1756,0.1145,0.9542,0.01282584,-0.06679456,0.99762134,15.99951,15.99951,15.11230
370,-0.1298,0.1069,1.0229,0.01245634,-0.08470144,0.99623222,15.99951,15.99951,15.11230
372,-0.3282,0.0916,0.9237,0.01553038,-0.10952998,0.99383916,15.99951,15.99951,15.11230
374,-0.1374,-0.0382,0.7405,0.03048365,-0.12999281,0.99098100,15.99951,15.99951,15.11230
376,0.2443,-0.2595,0.5878,0.05963425,-0.12479201,0.99033536,15.99951,15.99951,15.11230
378,0.4046,-0.1756,0.5496,0.07561271,-0.11339607,0.99061622,15.99951,15.99951,15.11230
380,0.2443,0.3206,0.5267,0.08590531,-0.08907881,0.99222698,15.99951,15.99951,15.11230
382,-0.3817,0.1832,0.2901,0.09069291,-0.09243787,0.99150295,15.99951,15.99951,15.11230
384,-0.1908,-0.1450,-0.1603,0.12007483,-0.10460160,0.98711805,15.99951,15.99951,15.11230
386,0.3664,-0.1298,-0.2061,0.15016996,-0.08137262,0.98526926,15.99951,15.99951,15.11230
388,0.4656,-0.0916,-0.1221,0.15890990,-0.06004395,0.98543205,15.99951,15.99951,15.11230
390,0.4122,0.0305,-0.0534,0.17023627,-0.01735696,0.98524227,15.99951,15.99951,15.11230
392,0.0076,-0.1069,-0.2824,0.18376567,0.00982873,0.98288116,15.99951,15.99951,15.11230
394,-0.0763,-0.1145,-0.5038,0.19984097,0.02617558,0.97947483,15.99951,15.99951,15.11230
396,0.0916,-0.0992,-0.4504,0.20434210,0.05273846,0.97743129,15.99951,15.99951,15.11230
398,0.1908,-0.1527,-0.3893,0.20701527,0.07141709,0.97566852,15.99951,15.99951,15.11230
400,0.1298,-0.2366,-0.4656,0.21538770,0.11007527,0.97019691,15.99951,15.99951,15.11230
402,-0.2137,-0.3359,-0.6565,0.22514867,0.13359558,0.96506586,15.99951,15.99951,15.11230
404,-0.5267,-0.1298,-0.8702,0.22367157,0.13639032,0.96499900,15.99951,15.99951,15.11230
406,-0.4580,-0.2748,-0.9008,0.21227660,0.13190913,0.96823301,15.99951,15.99951,15.11230
408,-0.2366,-0.2977,-0.8702,0.21052315,0.13431972,0.96830024,15.99951,15.99951,15.11230
410,0.4580,-0.3817,-0.8092,0.21204359,0.16577277,0.96308889,15.99951,15.99951,15.11230
412,0.5573,-0.6641,-1.0076,0.22772786,0.21532325,0.94961328,15.99951,15.99951,15.11230
414,0.1603,-0.7099,-1.1756,0.23769283,0.23059449,0.94356231,15.99951,15.99951,15.11230
416,-0.9237,-0.1298,-1.2137,0.22283768,0.19424992,0.95522480,15.99951,15.99951,15.11230
418,-0.7786,0.0382,-1.0687,0.20761327,0.17309445,0.96268577,15.99951,15.99951,15.11230
420,0.0916,0.1603,-0.8092,0.17624258,0.16280236,0.97074594,15.99951,15.99951,15.11230
422,0.4504,0.2061,-0.8244,0.14733853,0.18736304,0.97108182,15.99951,15.99951,15.11230
424,0.4885,0.1679,-0.8626,0.13364417,0.20341796,0.96983652,15.99951,15.99951,15.11230
426,0.3435,0.1679,-0.8702,0.10296182,0.23205766,0.96722698,15.99951,15.99951,15.11230
428,-0.1298,0.3053,-0.7252,0.06300570,0.23555550,0.96972923,15.99951,15.99951,15.11230
430,-0.3130,0.4733,-0.4809,0.01309299,0.21028206,0.97755174,15.99951,15.99951,15.11230
432,0.0076,0.3359,-0.1679,-0.03363594,0.18933704,0.98133840,15.99951,15.99951,15.11230
434,0.2214,0.0992,0.0000,-0.04601765,0.18723931,0.98116836,15.99951,15.99951,15.11230
436,0.4198,-0.1985,0.3359,-0.04797200,0.19677649,0.97922039,15.99951,15.99951,15.11230
438,0.2214,0.2748,0.7099,-0.05559866,0.20322408,0.97750577,15.99951,15.99951,15.11230
440,-0.4122,1.0992,0.8092,-0.09833446,0.18533685,0.97772016,15.99951,15.99951,15.11230
442,-1.3053,1.3740,0.3817,-0.16851634,0.10903300,0.97963447,15.99951,15.99951,15.11230
444,-1.2290,0.7939,0.4504,-0.19509243,0.06157918,0.97879085,15.99951,15.99951,15.11230
446,-0.6947,-0.4733,0.9313,-0.17972593,-0.00533687,0.98363027,15.99951,15.99951,15.11230
448,0.1069,-0.4351,0.9618,-0.13931304,-0.02979275,0.98971271,15.99951,15.99951,15.11230
450,-0.0992,-0.0229,0.8550,-0.11703217,-0.03682587,0.99234361,15.99951,15.99951,15.11230
452,-0.3588,0.1450,0.8779,-0.11993126,-0.07246002,0.99003057,15.99951,15.99951,15.11230
454,-0.2672,-0.1832,1.0916,-0.11516607,-0.08825271,0.98936214,15.99951,15.99951,15.11230
456,-0.2595,-0.0687,1.1603,-0.09911843,-0.11744537,0.98800411,15.99951,15.99951,15.11230
458,-0.2977,0.0458,1.0305,-0.08639967,-0.14441871,0.98573455,15.99951,15.99951,15.11230
460,-0.3893,0.1298,0.9237,-0.08307591,-0.16022162,0.98346252,15.99951,15.99951,15.11230
462,-0.3130,0.0000,0.7328,-0.07428657,-0.20510559,0.97589025,15.99951,15.99951,15.11230
464,-0.1450,-0.0840,0.7176,-0.06706396,-0.21253254,0.97484054,15.99951,15.99951,15.11230
466,0.3359,-0.2672,0.7099,-0.04431162,-0.20424327,0.97789783,15.99951,15.99951,15.11230
468,0.4656,-0.0458,0.6183,-0.02119597,-0.17679714,0.98394489,15.99951,15.99951,15.11230
470,0.3664,0.0534,0.5725,-0.01417159,-0.16373040,0.98636484,15.99951,15.99951,15.11230
472,-0.0305,0.1603,0.4504,-0.00441089,-0.15052670,0.98853530,15.99951,15.99951,15.11230
474,-0.2290,0.0076,0.2595,0.01248252,-0.15480148,0.98776063,15.99951,15.99951,15.11230
476,0.1221,0.0153,0.0305,0.03491411,-0.14926867,0.98817625,15.99951,15.99951,15.11230
478,0.3206,-0.0916,0.0458,0.05462663,-0.11900749,0.99132738,15.99951,15.99951,15.11230
480,0.3359,-0.0840,0.0305,0.06429171,-0.10209418,0.99265518,15.99951,15.99951,15.11230
482,0.2214,-0.1069,-0.0229,0.08117835,-0.06801989,0.99437704,15.99951,15.99951,15.11230
484,0.1679,-0.1527,-0.0992,0.09597766,-0.04122272,0.99441757,15.99951,15.99951,15.11230
486,0.3588,-0.2366,-0.1527,0.11253679,-0.00667559,0.99360065,15.99951,15.99951,15.11230
488,0.5344,-0.2672,-0.1679,0.13152701,0.04299968,0.99027395,15.99951,15.99951,15.11230
490,0.5802,-0.2290,-0.1985,0.13992068,0.07045079,0.98754835,15.99951,15.99951,15.11230
492,0.3969,-0.2061,-0.3130,0.15132799,0.12304345,0.98072404,15.99951,15.99951,15.11230
494,0.0611,-0.1603,-0.4656,0.15607738,0.15811735,0.97488527,15.99951,15.99951,15.11230
496,-0.1374,-0.1145,-0.6183,0.15315172,0.17720282,0.97214422,15.99951,15.99951,15.11230
498,-0.1756,-0.1145,-0.7939,0.14428935,0.18776988,0.97152070,15.99951,15.99951,15.11230
500,-0.1756,-0.1527,-0.8855,0.13893411,0.19194137,0.97151365,15.99951,15.99951,15.11230
502,0.1145,-0.3130,-0.9542,0.13017247,0.20726206,0.96947050,15.99951,15.99951,15.11230
504,0.4580,-0.5496,-0.9160,0.13546898,0.24286127,0.96052885,15.99951,15.99951,15.11230
506,0.3664,-0.5649,-0.9695,0.13957998,0.26069233,0.95515403,15.99951,15.99951,15.11230
508,0.0534,-0.6794,-1.0229,0.15537239,0.28650445,0.94529304,15.99951,15.99951,15.11230
510,0.0305,-0.6641,-1.0458,0.16022946,0.29189939,0.94281539,15.99951,15.99951,15.11230
512,-0.3511,-0.4122,-1.0916,0.16259322,0.28712353,0.94398040,15.99951,15.99951,15.11230
514,-0.5115,-0.0458,-0.9389,0.14276673,0.26428377,0.95381011,15.99951,15.99951,15.11230
516,-0.3817,0.1374,-0.8779,0.12740863,0.25355296,0.95891113,15.99951,15.99951,15.11230
518,0.1069,0.1527,-0.8397,0.09490186,0.25305409,0.96267290,15.99951,15.99951,15.11230
520,0.3206,0.0382,-0.8855,0.06819584,0.27019309,0.96032562,15.99951,15.99951,15.11230
522,0.1603,0.0305,-0.7557,0.04079638,0.28276454,0.95827398,15.99951,15.99951,15.11230
524,-0.0992,0.1756,-0.4656,0.00755829,0.27616615,0.96107025,15.99951,15.99951,15.11230
526,-0.1298,0.2290,-0.3206,-0.01059675,0.26668894,0.96367187,15.99951,15.99951,15.11230
528,0.0763,0.0534,0.0687,-0.03685730,0.25124902,0.96718587,15.99951,15.99951,15.11230
530,0.4198,0.1756,0.3893,-0.04713631,0.25633411,0.96542272,15.99951,15.99951,15.11230
532,0.4962,0.5649,0.6031,-0.07233173,0.27514352,0.95863857,15.99951,15.99951,15.11230
534,-0.1374,0.5496,0.5802,-0.09836885,0.27137966,0.95740919,15.99951,15.99951,15.11230
536,-0.6031,0.1756,0.6031,-0.10090274,0.24948518,0.96300306,15.99951,15.99951,15.11230
538,-1.1374,-0.2519,0.6641,-0.07959785,0.17276202,0.98166475,15.99951,15.99951,15.11230
540,-0.7099,0.2595,0.8779,-0.06802492,0.09541243,0.99311256,15.99951,15.99951,15.11230
542,-0.2901,0.6183,0.9771,-0.07788444,0.07369744,0.99414196,15.99951,15.99951,15.11230
544,0.0992,0.3435,0.8702,-0.12509304,0.04951700,0.99081497,15.99951,15.99951,15.11230
546,-0.1679,-0.2901,0.9084,-0.11519858,0.04013427,0.99251136,15.99951,15.99951,15.11230
548,-0.7176,-0.4198,0.9389,-0.07530753,-0.01047645,0.99707517,15.99951,15.99951,15.11230
550,-0.4275,0.3893,1.1985,-0.07335535,-0.06237884,0.99533710,15.99951,15.99951,15.11230
552,-0.3969,0.5191,1.2443,-0.08476282,-0.08146894,0.99298019,15.99951,15.99951,15.11230
554,-0.3969,0.1908,1.1069,-0.09454265,-0.11732504,0.98848648,15.99951,15.99951,15.11230
556,-0.3359,-0.4580,0.9847,-0.06716144,-0.14752199,0.98670206,15.99951,15.99951,15.11230
558,-0.0763,-0.5725,0.9084,-0.01850461,-0.16910820,0.98538112,15.99951,15.99951,15.11230
560,0.2901,-0.1069,0.9008,0.00606549,-0.16311711,0.98652973,15.99951,15.99951,15.11230
562,0.2214,-0.0534,0.9160,0.01275361,-0.15786920,0.98727359,15.99951,15.99951,15.11230
564,-0.0153,-0.0305,0.7710,0.02832484,-0.15570070,0.98738069,15.99951,15.99951,15.11230
566,0.1298,-0.1221,0.6260,0.05088062,-0.15232051,0.98693933,15.99951,15.99951,15.11230
568,0.4962,-0.1908,0.5115,0.08248722,-0.12592332,0.98855648,15.99951,15.99951,15.11230
570,0.5954,0.0534,0.2290,0.11382446,-0.08430284,0.98987360,15.99951,15.99951,15.11230
572,0.4275,0.0000,0.0840,0.12586770,-0.06537304,0.98977298,15.99951,15.99951,15.11230
574,0.2366,-0.1679,-0.0992,0.15526974,-0.03696111,0.98705825,15.99951,15.99951,15.11230
576,0.3053,-0.0534,-0.0153,0.17638888,-0.00357471,0.98420639,15.99951,15.99951,15.11230
578,0.2137,0.1527,-0.1145,0.18410349,0.02848750,0.98240423,15.99951,15.99951,15.11230
580,0.2672,0.0153,-0.3893,0.19105114,0.06178926,0.97955751,15.99951,15.99951,15.11230
582,0.3817,-0.2290,-0.4351,0.20011398,0.08445966,0.97600011,15.99951,15.99951,15.11230
584,0.6489,-0.2748,-0.4275,0.22034885,0.14343224,0.96480464,15.99951,15.99951,15.11230
586,0.3206,-0.1756,-0.2977,0.22846064,0.20113468,0.95251865,15.99951,15.99951,15.11230
588,-0.0305,-0.0916,-0.3511,0.22890739,0.21548080,0.94924573,15.99951,15.99951,15.11230
590,-0.4580,-0.1603,-0.7252,0.22103462,0.21793868,0.95052804,15.99951,15.99951,15.11230
592,-0.3588,-0.2977,-0.7710,0.22096822,0.21950120,0.95024719,15.99951,15.99951,15.11230
594,-0.1908,-0.1832,-0.8321,0.21395173,0.22840306,0.94964256,15.99951,15.99951,15.11230
596,-0.1145,-0.3511,-0.7786,0.20603468,0.24135429,0.94829139,15.99951,15.99951,15.11230
598,-0.1069,-0.4046,-0.8168,0.20608808,0.24669671,0.94692745,15.99951,15.99951,15.11230
600,0.0153,-0.4733,-1.0153,0.20980429,0.26084268,0.94225988,15.99951,15.99951,15.11230
602,-0.1832,-0.5649,-1.2137,0.21213154,0.27220962,0.93845691,15.99951,15.99951,15.11230
604,-0.5344,-0.4122,-1.2214,0.20438358,0.26109924,0.94337596,15.99951,15.99951,15.11230
606,-0.5649,-0.1221,-1.0763,0.18265649,0.23488938,0.95460329,15.99951,15.99951,15.11230
608,-0.3893,-0.0076,-0.9771,0.16804528,0.22438492,0.95988254,15.99951,15.99951,15.11230
610,0.0458,0.1221,-0.8626,0.13573235,0.22172596,0.96557445,15.99951,15.99951,15.11230
612,0.0992,0.1145,-0.9389,0.10798898,0.23077478,0.96689310,15.99951,15.99951,15.11230
614,-0.0076,0.2137,-0.8855,0.07179502,0.23654608,0.96895713,15.99951,15.99951,15.11230
616,0.0305,0.3969,-0.6870,0.02586179,0.23760201,0.97097682,15.99951,15.99951,15.11230
618,0.0687,0.4275,-0.5878,0.00058386,0.23734016,0.97142601,15.99951,15.99951,15.11230
620,0.1527,0.3435,-0.4198,-0.04382422,0.23561537,0.97079906,15.99951,15.99951,15.11230
622,0.3206,0.0229,-0.0916,-0.07326276,0.24120836,0.96766376,15.99951,15.99951,15.11230
624,0.2214,0.1298,0.3053,-0.08706182,0.24658298,0.96511182,15.99951,15.99951,15.11230
626,0.1908,0.6336,0.4351,-0.11193104,0.24995279,0.96168756,15.99951,15.99951,15.11230
628,-0.0076,0.7710,0.3664,-0.13204772,0.24584214,0.96026210,15.99951,15.99951,15.11230
630,-0.5573,0.6718,0.2824,-0.17033448,0.20836832,0.96309318,15.99951,15.99951,15.11230
632,-0.5420,-0.1069,0.7710,-0.17869081,0.15926347,0.97094058,15.99951,15.99951,15.11230
634,-0.5191,-0.2214,0.9084,-0.16680524,0.13686511,0.97633533,15.99951,15.99951,15.11230
636,-0.3206,0.4351,0.9160,-0.15649220,0.08590106,0.98387041,15.99951,15.99951,15.11230
638,-0.4733,0.5038,0.8473,-0.16230568,0.06572604,0.98444452,15.99951,15.99951,15.11230
640,-0.6489,0.2061,0.8626,-0.17046480,0.01394981,0.98524675,15.99951,15.99951,15.11230
642,-0.5725,-0.2443,1.0687,-0.14969694,-0.03442359,0.98806867,15.99951,15.99951,15.11230
644,-0.4885,-0.1221,1.0611,-0.13746840,-0.05597476,0.98881282,15.99951,15.99951,15.11230
646,-0.3359,0.2290,0.9389,-0.12742990,-0.08805413,0.98783454,15.99951,15.99951,15.11230
648,-0.3664,0.2061,0.7710,-0.12390516,-0.11788851,0.98525724,15.99951,15.99951,15.11230
650,-0.2443,0.0076,0.6794,-0.11340203,-0.14137582,0.98332939,15.99951,15.99951,15.11230
652,0.0458,-0.0763,0.6565,-0.09718481,-0.14813791,0.98411951,15.99951,15.99951,15.11230
654,0.0611,-0.0458,0.6183,-0.08905816,-0.14644783,0.98516159,15.99951,15.99951,15.11230
656,0.0076,-0.0763,0.5115,-0.07090610,-0.14428768,0.98699588,15.99951,15.99951,15.11230
658,-0.0076,-0.0076,0.4962,-0.05562670,-0.14303081,0.98806200,15.99951,15.99951,15.11230
660,0.1221,0.0534,0.4656,-0.04486303,-0.13252041,0.99016084,15.99951,15.99951,15.11230
662,0.2061,-0.0076,0.3893,-0.03068104,-0.10992219,0.99345731,15.99951,15.99951,15.11230
664,0.1679,-0.0305,0.3130,-0.02175991,-0.09818481,0.99486722,15.99951,15.99951,15.11230
666,0.1756,-0.2061,0.1832,0.00557063,-0.07560625,0.99700832,15.99951,15.99951,15.11230
668,0.2748,-0.2290,0.0305,0.03863588,-0.04567385,0.99815320,15.99951,15.99951,15.11230
670,0.1832,-0.1756,-0.0992,0.06294654,-0.01443444,0.99781599,15.99951,15.99951,15.11230
672,0.0534,-0.2061,-0.1603,0.08440035,0.00897839,0.99630498,15.99951,15.99951,15.11230
674,0.0458,-0.1756,-0.1908,0.09373534,0.02010948,0.99536724,15.99951,15.99951,15.11230
676,0.1603,-0.1374,-0.2443,0.10701766,0.04730524,0.99303836,15.99951,15.99951,15.11230
678,0.3359,-0.2214,-0.2977,0.11915851,0.08663545,0.98896970,15.99951,15.99951,15.11230
680,0.2519,-0.2366,-0.3435,0.12361614,0.10663766,0.98647270,15.99951,15.99951,15.11230
682,-0.2061,-0.1679,-0.5573,0.13052648,0.13697993,0.98183288,15.99951,15.99951,15.11230
684,-0.2519,-0.1679,-0.6336,0.12933745,0.14018690,0.98156166,15.99951,15.99951,15.11230
686,-0.1450,-0.1832,-0.7786,0.12633693,0.14617918,0.98113584,15.99951,15.99951,15.11230
688,0.1756,-0.3282,-0.8244,0.12454793,0.16663898,0.97807483,15.99951,15.99951,15.11230
690,0.2748,-0.4580,-0.8321,0.12891818,0.18166399,0.97481307,15.99951,15.99951,15.11230
692,0.2901,-0.5344,-0.9160,0.14118113,0.21224653,0.96697244,15.99951,15.99951,15.11230
694,-0.2061,-0.2366,-1.1221,0.14020776,0.22180902,0.96485252,15.99951,15.99951,15.11230
696,-0.3817,-0.1527,-1.1221,0.11949892,0.20516777,0.97139015,15.99951,15.99951,15.11230
698,0.0076,-0.1298,-1.0076,0.09978995,0.19644115,0.97533674,15.99951,15.99951,15.11230
700,0.2595,-0.1527,-0.9466,0.09027919,0.20301115,0.97489461,15.99951,15.99951,15.11230
702,0.4198,-0.1756,-0.8779,0.07571535,0.22719674,0.97081480,15.99951,15.99951,15.11230
704,0.1832,0.0687,-0.7939,0.04990732,0.24361400,0.96861581,15.99951,15.99951,15.11230
706,-0.1221,0.4275,-0.5725,0.00344334,0.24091036,0.97056427,15.99951,15.99951,15.11230
708,-0.0611,0.6336,-0.3206,-0.05539493,0.23032860,0.97144947,15.99951,15.99951,15.11230
710,0.0458,0.5649,-0.2214,-0.08226565,0.22768082,0.97022571,15.99951,15.99951,15.11230
712,0.3206,0.2443,-0.1298,-0.11746097,0.23202614,0.96548080,15.99951,15.99951,15.11230
714,0.6336,-0.0763,0.0687,-0.12790465,0.25639927,0.95797958,15.99951,15.99951,15.11230
716,0.1527,0.1527,0.3435,-0.13652527,0.27488517,0.95172700,15.99951,15.99951,15.11230
718,-0.4809,0.4885,0.6718,-0.16084706,0.24846153,0.95511531,15.99951,15.99951,15.11230
720,-0.4809,0.4733,0.7099,-0.17000091,0.22908577,0.95836687,15.99951,15.99951,15.11230
722,-0.2748,0.2519,0.4504,-0.17728853,0.19503915,0.96457662,15.99951,15.99951,15.11230
724,-0.0382,-0.2824,0.2672,-0.15886340,0.17282467,0.97194814,15.99951,15.99951,15.11230
726,-0.0992,-0.0916,0.7939,-0.14009869,0.15379799,0.97803983,15.99951,15.99951,15.11230
728,-0.2519,0.6107,1.1679,-0.15395403,0.13016734,0.97942848,15.99951,15.99951,15.11230
730,-0.4198,0.6489,1.0840,-0.16394841,0.11248769,0.97997903,15.99951,15.99951,15.11230
732,-0.7176,0.1374,0.6870,-0.16642501,0.05980825,0.98420352,15.99951,15.99951,15.11230
734,-0.5038,-0.2137,0.7252,-0.14506902,0.00837261,0.98933143,15.99951,15.99951,15.11230
736,-0.4275,-0.0534,0.9160,-0.13760490,-0.01120457,0.99036846,15.99951,15.99951,15.11230
738,-0.3359,0.3740,1.0916,-0.14220180,-0.04131147,0.98893909,15.99951,15.99951,15.11230
740,-0.1679,-0.1603,0.5802,-0.11822364,-0.08356994,0.98943195,15.99951,15.99951,15.11230
742,-0.0840,-0.2443,0.5496,-0.10194058,-0.08745508,0.99092493,15.99951,15.99951,15.11230
744,0.0992,-0.1832,0.5038,-0.07245671,-0.08712748,0.99355039,15.99951,15.99951,15.11230
746,0.2214,-0.2443,0.4809,-0.04078605,-0.07366847,0.99635362,15.99951,15.99951,15.11230
748,0.1679,-0.1069,0.3969,-0.02596513,-0.06756898,0.99733924,15.99951,15.99951,15.11230
750,-0.1679,-0.0305,0.0840,-0.00429892,-0.06710493,0.99766426,15.99951,15.99951,15.11230
752,-0.0992,-0.1985,-0.0534,0.02497504,-0.07427001,0.99680795,15.99951,15.99951,15.11230
754,0.1985,-0.0763,0.0382,0.04591399,-0.06213004,0.99698886,15.99951,15.99951,15.11230
756,0.1679,-0.0153,0.1679,0.05915694,-0.03837822,0.99751386,15.99951,15.99951,15.11230
758,0.0229,0.0229,0.0992,0.06414779,-0.02923381,0.99743881,15.99951,15.99951,15.11230
760,0.0382,-0.1679,-0.1374,0.08327507,-0.01516979,0.99634637,15.99951,15.99951,15.11230
762,0.3740,-0.3053,-0.2290,0.11195303,0.01621577,0.99356479,15.99951,15.99951,15.11230
764,0.4504,-0.2366,-0.1756,0.13298764,0.06098417,0.98921957,15.99951,15.99951,15.11230
766,0.1145,-0.1069,-0.1221,0.14180982,0.09664939,0.98505649,15.99951,15.99951,15.11230
768,-0.1527,-0.1221,-0.1756,0.14411831,0.10374302,0.98404407,15.99951,15.99951,15.11230
770,-0.3359,-0.2061,-0.3206,0.15163637,0.10397710,0.98291168,15.99951,15.99951,15.11230
772,-0.0153,-0.2290,-0.4885,0.15987086,0.11429418,0.98042736,15.99951,15.99951,15.11230
774,0.1679,-0.2214,-0.4885,0.16004333,0.14213090,0.97671136,15.99951,15.99951,15.11230
776,0.0992,-0.0763,-0.5267,0.15402879,0.16802062,0.97361602,15.99951,15.99951,15.11230
778,0.0611,-0.0305,-0.5649,0.14817078,0.17842112,0.97272605,15.99951,15.99951,15.11230
780,0.1221,-0.0229,-0.6718,0.13296877,0.19833964,0.97098407,15.99951,15.99951,15.11230
782,0.3282,-0.1679,-0.6947,0.12254228,0.22732110,0.96599874,15.99951,15.99951,15.11230
784,0.3588,-0.1985,-0.7252,0.11951316,0.24404916,0.96231002,15.99951,15.99951,15.11230
786,-0.0153,-0.2290,-0.8779,0.10678128,0.27586708,0.95521965,15.99951,15.99951,15.11230
788,-0.1832,-0.2214,-0.9466,0.10059204,0.27324259,0.95666370,15.99951,15.99951,15.11230
790,-0.3053,-0.1908,-0.9924,0.08468457,0.25796222,0.96235141,15.99951,15.99951,15.11230
792,0.0305,-0.0305,-0.8168,0.06073309,0.25108721,0.96595687,15.99951,15.99951,15.11230
794,0.1603,0.0076,-0.7405,0.04798831,0.25519223,0.96570119,15.99951,15.99951,15.11230
796,0.1298,0.0992,-0.7481,0.02113603,0.26317751,0.96451578,15.99951,15.99951,15.11230
798,0.0458,0.0687,-0.7099,-0.00956053,0.26499128,0.96414499,15.99951,15.99951,15.11230
800,-0.0076,0.1832,-0.6107,-0.04244286,0.25903134,0.96485624,15.99951,15.99951,15.11230
802,0.1679,0.2748,-0.2748,-0.08320585,0.25712471,0.96274871,15.99951,15.99951,15.11230
804,0.2519,0.2519,-0.0763,-0.10132564,0.26038444,0.96009035,15.99951,15.99951,15.11230
806,0.2595,0.3969,0.1603,-0.13408261,0.26945388,0.95359697,15.99951,15.99951,15.11230
808,0.0763,0.3664,0.3053,-0.16422945,0.27192475,0.94819622,15.99951,15.99951,15.11230
810,-0.4122,0.2901,0.2901,-0.18290185,0.25158915,0.95030698,15.99951,15.99951,15.11230
812,-0.2290,0.2366,0.4733,-0.19851297,0.21750340,0.95565071,15.99951,15.99951,15.11230
814,0.0229,0.1527,0.6107,-0.20171136,0.21101946,0.95639400,15.99951,15.99951,15.11230
816,0.2061,0.0229,0.7481,-0.19508742,0.21189286,0.95752649,15.99951,15.99951,15.11230
818,-0.1069,-0.0687,0.6947,-0.17675203,0.20534043,0.96258630,15.99951,15.99951,15.11230
820,-0.4504,0.0153,0.6565,-0.16923763,0.18853199,0.96725673,15.99951,15.99951,15.11230
822,-0.5802,0.4885,0.9466,-0.18313779,0.10927392,0.97696857,15.99951,15.99951,15.11230
824,-0.5191,0.6565,1.0458,-0.19630908,0.08695093,0.97667140,15.99951,15.99951,15.11230
826,-0.5420,0.6260,0.9847,-0.22123117,0.04413327,0.97413511,15.99951,15.99951,15.11230
828,-0.6412,0.1527,0.8626,-0.22134575,0.00048793,0.97513036,15.99951,15.99951,15.11230
830,-0.6260,0.0611,0.8092,-0.21288447,-0.02118527,0.97677392,15.99951,15.99951,15.11230
832,-0.5267,0.0840,0.7328,-0.19764008,-0.05875880,0.97851009,15.99951,15.99951,15.11230
834,-0.3130,0.1374,0.7023,-0.18956544,-0.08523831,0.97814874,15.99951,15.99951,15.11230
836,-0.1374,0.0611,0.7023,-0.18374181,-0.09565896,0.97823228,15.99951,15.99951,15.11230
838,-0.1908,-0.3282,0.5191,-0.15407986,-0.10370796,0.98251810,15.99951,15.99951,15.11230
840,-0.1069,-0.3511,0.4351,-0.13153352,-0.10627142,0.98557271,15.99951,15.99951,15.11230
842,0.0611,-0.2977,0.3053,-0.08849061,-0.10058296,0.99094743,15.99951,15.99951,15.11230
844,0.1221,-0.1374,0.2214,-0.05706153,-0.08872555,0.99438829,15.99951,15.99951,15.11230
846,-0.2748,-0.1908,0.3053,-0.03121971,-0.08635722,0.99571666,15.99951,15.99951,15.11230
848,-0.8092,-0.1450,-0.0458,-0.00026380,-0.12088485,0.99256238,15.99951,15.99951,15.11230
850,-0.6183,-0.3282,-0.2443,0.02020729,-0.13893651,0.99005069,15.99951,15.99951,15.11230
852,0.1527,-0.4198,-0.2901,0.06495511,-0.13853512,0.98821887,15.99951,15.99951,15.11230
854,0.4427,-0.3053,-0.0840,0.09260306,-0.10317645,0.99028911,15.99951,15.99951,15.11230
856,0.4809,-0.2214,0.0229,0.11394174,-0.06006680,0.99162731,15.99951,15.99951,15.11230
858,0.1298,-0.2061,-0.1985,0.13392136,-0.02457172,0.99058094,15.99951,15.99951,15.11230
860,-0.0382,-0.2061,-0.3206,0.14228544,-0.01432006,0.98973236,15.99951,15.99951,15.11230
862,0.1145,-0.1527,-0.3130,0.15022110,0.01053754,0.98852119,15.99951,15.99951,15.11230
864,0.1908,-0.1145,-0.2290,0.15115890,0.04876843,0.98720159,15.99951,15.99951,15.11230
866,0.0611,-0.1985,-0.3588,0.15443783,0.08037701,0.98463687,15.99951,15.99951,15.11230
868,0.0076,-0.2214,-0.6794,0.16135139,0.10479590,0.98123407,15.99951,15.99951,15.11230
870,-0.0153,-0.2824,-0.7786,0.16273753,0.11539992,0.97988052,15.99951,15.99951,15.11230
872,0.0611,-0.1450,-0.8626,0.15897756,0.13693170,0.97774944,15.99951,15.99951,15.11230
874,0.2290,-0.0229,-0.8397,0.14167680,0.16546595,0.97596178,15.99951,15.99951,15.11230
876,0.1985,-0.1374,-0.9313,0.12586182,0.19260370,0.97313966,15.99951,15.99951,15.11230
878,0.0687,-0.2977,-1.0763,0.12245579,0.20095880,0.97182083,15.99951,15.99951,15.11230
880,0.0000,-0.4504,-1.2977,0.12126215,0.20949423,0.97021188,15.99951,15.99951,15.11230
882,-0.1603,-0.3588,-1.2748,0.11526235,0.21205220,0.97046146,15.99951,15.99951,15.11230
884,-0.2519,0.0611,-0.9771,0.08482105,0.20148537,0.97583503,15.99951,15.99951,15.11230
886,0.0763,0.3511,-0.7176,0.04174162,0.19685922,0.97945346,15.99951,15.99951,15.11230
888,0.2061,0.3664,-0.7176,0.01907279,0.19973443,0.97968750,15.99951,15.99951,15.11230
890,0.3282,0.1679,-0.7023,-0.01836556,0.21122174,0.97727737,15.99951,15.99951,15.11230
892,0.1527,0.2443,-0.4733,-0.05441824,0.21788525,0.97436389,15.99951,15.99951,15.11230
894,-0.3053,0.5954,-0.0382,-0.10321544,0.20453245,0.97335281,15.99951,15.99951,15.11230
896,-0.6183,0.6870,0.2290,-0.15838450,0.16096479,0.97418584,15.99951,15.99951,15.11230
898,-0.4580,0.5573,0.2901,-0.17862081,0.14040694,0.97372646,15.99951,15.99951,15.11230
900,0.0687,0.2595,0.1756,-0.20145573,0.12031089,0.97206048,15.99951,15.99951,15.11230
902,0.5649,-0.2061,0.3206,-0.19629249,0.13190199,0.97162036,15.99951,15.99951,15.11230
904,0.2366,0.0076,0.7863,-0.19013129,0.14941499,0.97023715,15.99951,15.99951,15.11230
906,-0.2977,0.2290,0.9389,-0.19298630,0.14081799,0.97103042,15.99951,15.99951,15.11230
908,-1.1298,0.2519,0.9618,-0.20231707,0.07642856,0.97634544,15.99951,15.99951,15.11230
910,-0.9466,0.0992,0.8779,-0.19764695,-0.00324268,0.98027238,15.99951,15.99951,15.11230
912,-0.3969,0.0458,0.9313,-0.18937978,-0.05503941,0.98034305,15.99951,15.99951,15.11230
914,0.0076,0.0458,1.0916,-0.18463336,-0.07214439,0.98010425,15.99951,15.99951,15.11230
916,-0.0153,-0.0458,1.1069,-0.17852163,-0.07626997,0.98096294,15.99951,15.99951,15.11230
918,-0.2977,-0.1298,0.9389,-0.15759766,-0.09384375,0.98301630,15.99951,15.99951,15.11230
920,-0.1832,-0.0992,0.8244,-0.13754417,-0.11729204,0.98351936,15.99951,15.99951,15.11230
922,0.0992,-0.0153,0.8321,-0.12306032,-0.12175499,0.98485593,15.99951,15.99951,15.11230
924,0.2290,0.0305,0.7939,-0.11717500,-0.11750403,0.98607892,15.99951,15.99951,15.11230
926,0.1908,-0.0763,0.6183,-0.09909280,-0.10420606,0.98959836,15.99951,15.99951,15.11230
928,-0.0611,-0.2214,0.3740,-0.06899469,-0.10306609,0.99227485,15.99951,15.99951,15.11230
930,0.0382,-0.2443,0.3588,-0.03454868,-0.10388177,0.99391679,15.99951,15.99951,15.11230
932,0.1298,0.0916,0.2977,-0.01338371,-0.09678273,0.99519786,15.99951,15.99951,15.11230
934,0.0763,0.1374,0.2519,-0.00832665,-0.09305938,0.99562053,15.99951,15.99951,15.11230
936,-0.1756,0.0000,0.0611,0.00764267,-0.09607954,0.99533004,15.99951,15.99951,15.11230
938,-0.0916,-0.2290,-0.1832,0.03504798,-0.10034979,0.99430761,15.99951,15.99951,15.11230
940,0.1221,-0.2519,-0.1527,0.06529860,-0.08940261,0.99377326,15.99951,15.99951,15.11230
942,0.1298,-0.0840,0.0534,0.07899271,-0.07019671,0.99437580,15.99951,15.99951,15.11230
944,0.1221,-0.0916,0.0763,0.08533296,-0.06031507,0.99442300,15.99951,15.99951,15.11230
946,0.2366,-0.2061,-0.1145,0.10508611,-0.03635153,0.99378538,15.99951,15.99951,15.11230
948,0.3817,-0.3282,-0.3359,0.13402702,0.00325251,0.99096527,15.99951,15.99951,15.11230
950,0.3817,-0.1908,-0.2214,0.14646512,0.04746383,0.98804292,15.99951,15.99951,15.11230
952,0.2748,0.0229,-0.0763,0.14243794,0.09026798,0.98567476,15.99951,15.99951,15.11230
954,0.1374,0.0305,-0.0763,0.13777434,0.10642930,0.98466320,15.99951,15.99951,15.11230
956,-0.1527,-0.0763,-0.3282,0.13444477,0.12403008,0.98308172,15.99951,15.99951,15.11230
958,-0.1832,-0.1985,-0.6183,0.13464188,0.13179428,0.98197994,15.99951,15.99951,15.11230
960,-0.0382,-0.1756,-0.6336,0.12927815,0.14504784,0.98083419,15.99951,15.99951,15.11230
962,0.0916,-0.0229,-0.5573,0.11625764,0.16567089,0.97921171,15.99951,15.99951,15.11230
964,0.0534,0.0000,-0.5649,0.10816576,0.17491321,0.97851095,15.99951,15.99951,15.11230
966,-0.0305,-0.0305,-0.7252,0.09374493,0.18610578,0.97794132,15.99951,15.99951,15.11230
968,-0.0153,-0.3130,-0.9695,0.09071459,0.19366555,0.97679948,15.99951,15.99951,15.11230
970,0.0382,-0.3664,-1.0229,0.09182833,0.19921884,0.97566480,15.99951,15.99951,15.11230
972,0.2061,-0.3588,-0.8931,0.09128939,0.21655414,0.97196636,15.99951,15.99951,15.11230
974,0.0763,-0.1985,-0.8168,0.08540132,0.22944779,0.96954441,15.99951,15.99951,15.11230
976,-0.2595,-0.1985,-0.9160,0.07396255,0.22010240,0.97263898,15.99951,15.99951,15.11230
978,-0.3893,-0.0458,-0.9008,0.05833645,0.19755869,0.97848682,15.99951,15.99951,15.11230
980,-0.3206,0.1298,-0.8244,0.04386502,0.18651986,0.98140840,15.99951,15.99951,15.11230
982,-0.0458,0.4122,-0.5725,-0.00058225,0.17493584,0.98456087,15.99951,15.99951,15.11230
984,0.0229,0.4046,-0.3435,-0.04847209,0.16827450,0.98451938,15.99951,15.99951,15.11230
986,0.0992,0.2137,-0.1450,-0.08394335,0.16491574,0.98275470,15.99951,15.99951,15.11230
988,0.0458,0.0534,0.0763,-0.10164048,0.16442296,0.98109855,15.99951,15.99951,15.11230
990,-0.1221,0.2137,0.1603,-0.11198875,0.15941291,0.98082361,15.99951,15.99951,15.11230
992,-0.2443,0.3588,0.4122,-0.14142701,0.13940932,0.97999086,15.99951,15.99951,15.11230
994,-0.1603,0.2595,0.4962,-0.16445624,0.12088750,0.97887592,15.99951,15.99951,15.11230
996,-0.1069,-0.0229,0.3664,-0.16704572,0.10309637,0.98049545,15.99951,15.99951,15.11230
998,0.0076,0.0382,0.4809,-0.16690921,0.08817255,0.98202743,15.99951,15.99951,15.11230
